amino_acid,batch,keep_manual_inspection
Ala,1,n
Ala,2,n
Ala,3,n
Ala,4,n
Arg,1,n
Arg,2,n
Arg,3,y
Arg,4,y
Asn,1,n
Asn,2,n
Asn,3,y
Asn,4,y
Asp,1,n
Asp,2,n
Asp,3,n
Asp,4,n
Cys,1,n
Cys,2,n
Cys,3,y
Cys,4,y
Glc,5,y
Glc,6,y
Glc,7,y
Gln,1,y
Gln,2,n
Gln,3,n
Gln,4,y
Glu,1,y
Glu,2,y
Glu,3,n
Glu,4,y
Gly,1,y
Gly,2,n 
Gly,3,y
Gly,4,y
His,1,n
His,2,n
His,3,n
His,4,n
Ile,1,y
Ile,2,n
Ile,3,y
Ile,4,y
Lac,5,y
Lac,6,y
Lac,7,y
Leu,1,y
Leu,2,n
Leu,3,y
Leu,4,y
Lys,1,n
Lys,2,n
Lys,3,n
Lys,4,n
Met,1,y
Met,2,y
Met,3,y
Met,4,y
Phe,1,y
Phe,2,y
Phe,3,n
Phe,4,n
Pro,1,y
Pro,2,y
Pro,3,y
Pro,4,y
Ser,1,y
Ser,2,y
Ser,3,y
Ser,4,y
Thr,1,y
Thr,2,y
Thr,3,y
Thr,4,y
Trp,1,n
Trp,2,n
Trp,3,n
Trp,4,y
Tyr,1,y
Tyr,2,n
Tyr,3,y
Tyr,4,y
Val,1,n
Val,2,n
Val,3,y
Val,4,y
